{"mean_reward": 276.9320266870259, "std_reward": 17.406463605708343, "is_deterministic": true, "n_eval_episodes": 10, "eval_datetime": "2024-06-21T11:50:49.915166"}